10000,pass123,admin
10001,motor123,user
10002,motor123,user
10003,motor123,user
10004,motor123,user
10006,motor123,user
10007,motor123,HR
10008,motor123,user
10009,motor123,user
10010,motor123,FINANCE
10011,motor123,user
10012,motor123,user
10013,motor123,user
10014,motor123,user
10015,motor123,user
10016,motor123,user
10017,motor123,user
10018,motor123,user
10019,motor123,user
10020,motor123,user
10021,motor123,user
10022,motor123,user
10023,motor123,user
10024,motor123,IT
10025,motor123,user
10026,motor123,user
10027,motor123,user
10028,motor123,user
10029,motor123,user
10030,motor123,user
10031,motor123,user
10032,motor123,user
10033,motor123,user
10035,motor123,employee
